id,text
0,新型コロナ対策のための助成金があります。申請条件を確認してください。
1,新型コロナウイルス対策支援プログラムのための補助金を受け付けています。急ぎご応募ください。
2,地域の医療機関向けの助成金が提供されます。詳細はヘルスセンターまでお問い合わせください。
3,新型コロナウイルスによる影響で困っている事業者向けの支援策として助成金を提供しています。お早めにお申し込みください。
4,コロナ禍での地域防災対策を支援するための補助金プログラムが開催中。地域の安全を守るためにご協力ください。
5,学校や教育機関における新型コロナ感染対策を行うための助成金が用意されました。感染予防対策の強化をお願いします。
6,新型コロナウイルスによる経済的な影響を受けた事業者向けの緊急支援プログラムが実施されます。お問い合わせは商工会議所まで。
7,地域住民へのワクチン普及を促進するための助成金が発表されました。ワクチン接種キャンペーンにご協力ください。
8,コロナ禍での在宅勤務環境整備を支援するための助成金が提供されます。企業の皆様は積極的にご利用ください。
9,新型コロナウイルス感染拡大防止のための衛生対策支援プログラムがスタート。事業者は助成金の利用をご検討ください。
10,新しいビジネスを始めるための起業家支援プログラムがオープン。助成金を活用して夢を実現しましょう。
11,新事業立ち上げを応援するための助成金が発表されました。ビジネスプランを提出してください。
12,革新的なアイデアを持つ起業家向けに新事業育成プログラムがスタート。助成金を受け取りながら成長しましょう。
13,地域経済の活性化を図るために新事業プランに対する助成金が用意されています。プランの提出をお待ちしています。
14,新しい技術やサービスを展開する起業家を支援するための助成金が募集中。アイデアをお寄せください。
15,持続可能なビジネスアイデアに対する助成金プログラムが開催されます。地域の未来に貢献する事業を応援します。
16,新規事業立ち上げに必要な資金を支援するための助成金が提供されます。起業家の皆様、ぜひご応募ください。
17,地域の新しい産業分野に挑戦する企業を支援するための補助金プログラムが始まりました。詳細は商工会議所でご確認ください。
18,新たな製品やサービスを開発するための研究プロジェクトに対する助成金が募集されています。革新的なアプローチをお待ちしています。
19,地域の若手起業家を応援するために新事業創出プログラムが実施されます。アイデアを形にしてください。
20,地域の伝統行事を支援するための助成金が用意されました。イベントの成功に向けて計画を進めてください。
21,地元アートイベントのための助成金が発表されました。アーティストの皆様、ふるってご応募ください。
22,地域の歴史プロジェクトへの助成金が募集されています。歴史を守るためにご協力ください。
23,地元スポーツクラブ向けの助成金が用意されました。クラブ活動の発展にご活用ください。
24,地域イベントの成功を支援するための補助金が提供されます。イベントプランをお送りください。
25,地域ボランティア活動を支援するための補助金が募集されています。ボランティア団体はお見逃しなく。
26,新たな地域振興イベントへの助成金が発表されました。地域の活性化に貢献しましょう。
27,地域の社会福祉プロジェクトへの助成金が用意されました。支援が必要な方々のためにご協力をお願いします。
28,地元観光振興のための補助金が募集中です。地域の魅力を発信しましょう。
29,地域復興支援イベントのための助成金プログラムが開催されます。地域力を取り戻すためにご参加ください。
